{"count":1,"self":20.49428,"total":241.0530939,"children":{"InitializeActuators":{"count":1,"self":0.0019925999999999998,"total":0.0019925999999999998,"children":null},"InitializeSensors":{"count":1,"self":0.0097932,"total":0.0097932,"children":null},"AgentSendState":{"count":12001,"self":0.0465697,"total":220.463529,"children":{"CollectObservations":{"count":12001,"self":0.0039917,"total":0.0039917,"children":null},"WriteActionMask":{"count":12001,"self":0.0053801,"total":0.0053801,"children":null},"RequestDecision":{"count":12001,"self":0.47522729999999996,"total":220.40758749999998,"children":{"CameraSensor.GetCompressedObservation":{"count":24002,"self":219.9323648,"total":219.93236019999998,"children":null}}}}},"DecideAction":{"count":12001,"self":0.031703499999999996,"total":0.031703499999999996,"children":null},"AgentAct":{"count":12001,"self":0.047427,"total":0.047427,"children":null}},"gauges":{},"metadata":{"timer_format_version":"0.1.0","start_time_seconds":"1621235523","unity_version":"2019.4.22f1","command_line_arguments":"G:\\program\\git-project\\capstone\\sm4\\build\\sm4.exe","communication_protocol_version":"1.4.0","com.unity.ml-agents_version":"1.8.1-preview","scene_name":"Scene","end_time_seconds":"1621235764"}}